{"train_loss": [0.25404505781164854, 0.18216089037889074, 0.14553585655095075, 0.13433247108941748, 0.12535164616318328, 0.12234633112611802, 0.11124814764745478, 0.10716803167018407, 0.10924546619754404, 0.10517591965260883], "train_mse": [0.10500805453997333, 0.07878784010721362, 0.06409220294270518, 0.05987888629263797, 0.05616433726472997, 0.05487502591671777, 0.05027752118211458, 0.048767087784198415, 0.049410586813958185, 0.04807191427946808], "val_loss": [0.10077890736324822, 0.11798904677524286, 0.09172587509102681, 0.11875043236376608, 0.08612563658286543, 0.09741726763108198, 0.08771966348128284, 0.08722638423828517, 0.0738666636759744, 0.08107002409722876], "val_mse": [0.05228951096753864, 0.05942800839924637, 0.049928152094430786, 0.05847710270982455, 0.04170161068932537, 0.05330489845398594, 0.04663956100230708, 0.04409004769288003, 0.03719819684129427, 0.0376681682308588]}